{"iceberg_snapshots": {"created_at": 1762115865.627723, "ttl": 300, "access_count": 11, "last_accessed": 1762116040.455244, "file_size": 668}, "database_info": {"created_at": 1762115865.6318269, "ttl": 600, "access_count": 11, "last_accessed": 1762116040.458726, "file_size": 121}}