{"database_info": {"created_at": 1762180394.42308, "ttl": 600, "access_count": 4, "last_accessed": 1762180936.257152, "file_size": 121}, "iceberg_snapshots": {"created_at": 1762180865.187304, "ttl": 300, "access_count": 1, "last_accessed": 1762180936.248501, "file_size": 668}}